{
  "project_info": {
    "project_number": "792973572092",
    "project_id": "theshopnextdoor2024",
    "storage_bucket": "theshopnextdoor2024.appspot.com"
  },
  "client": [
    {
      "client_info": {
        "mobilesdk_app_id": "1:792973572092:android:20a646fc23f0fc5c7d6479",
        "android_client_info": {
          "package_name": "com.UnityTechnologies.com.unity.template.urpblank"
        }
      },
      "oauth_client": [],
      "api_key": [
        {
          "current_key": "AIzaSyATu4xeHUDp4MYMxsj9qdO5Mj8VGeJTNEU"
        }
      ],
      "services": {
        "appinvite_service": {
          "other_platform_oauth_client": []
        }
      }
    }
  ],
  "configuration_version": "1"
}